Student ID,Well versed with the subject,Explains concepts in an understandable way,Use of presentations,Degree of difficulty of assignments,Solves doubts willingly,Structuring of the course,Provides support for students going above and beyond,Course recommendation based on relevance,Feedback comments,Sentiment
340,5,2,7,6,9,2,1,8,Course structure could be better.,Positive
253,6,5,8,6,2,1,2,9,Loved the presentations.,Positive
680,7,7,6,5,4,2,3,1,I would recommend this course.,Positive
806,9,6,7,1,5,9,4,6,Sometimes explanations are confusing.,Negative
632,8,10,8,4,6,6,9,9,Course structure could be better.,Positive
832,7,2,7,8,3,5,1,4,Best subject ever!,Positive
772,9,3,5,2,10,3,8,1,Assignments are too hard.,Negative
961,9,8,7,4,4,3,3,10,Course structure could be better.,Positive
814,6,5,8,6,4,4,7,9,I would recommend this course.,Positive
863,5,9,4,7,9,4,4,5,Sometimes explanations are confusing.,Negative
576,10,3,8,6,6,3,6,9,Loved the presentations.,Positive
702,8,4,7,1,2,1,8,8,I would recommend this course.,Positive
541,5,4,4,2,2,7,8,1,I would recommend this course.,Positive
552,5,6,7,2,7,4,4,2,Assignments are too hard.,Negative
510,6,7,8,3,4,7,7,6,Very supportive teacher.,Positive
159,7,7,6,6,3,9,3,1,Sometimes explanations are confusing.,Negative
223,9,10,4,5,7,10,10,6,The teacher explains well.,Positive
807,8,3,4,2,2,4,6,1,I would recommend this course.,Positive
525,9,9,4,3,5,5,9,2,Very supportive teacher.,Positive
799,5,6,5,4,2,1,1,7,The teacher explains well.,Positive
24,9,10,6,10,2,10,1,9,Sometimes explanations are confusing.,Negative
509,8,2,7,5,2,3,4,4,"Great course, learned a lot!",Positive
797,9,10,4,10,9,2,10,7,Best subject ever!,Positive
418,8,8,6,7,9,5,2,8,Very supportive teacher.,Positive
48,5,5,4,2,1,10,10,9,Not very helpful.,Negative
657,9,5,7,3,2,8,10,6,"Great course, learned a lot!",Positive
864,9,8,5,2,3,9,2,8,Best subject ever!,Positive
861,5,6,4,5,4,4,6,6,Assignments are too hard.,Negative
118,9,10,7,7,4,6,9,1,Course structure could be better.,Positive
387,7,3,8,1,6,8,6,8,Loved the presentations.,Positive
282,5,6,7,3,8,1,1,9,Not very helpful.,Negative
503,8,6,6,3,3,6,4,10,Assignments are too hard.,Negative
934,5,6,4,6,10,3,4,10,Sometimes explanations are confusing.,Negative
781,8,3,4,5,1,8,10,5,Assignments are too hard.,Negative
898,10,10,4,3,5,4,2,1,Course structure could be better.,Positive
474,8,3,7,6,4,3,7,7,Sometimes explanations are confusing.,Negative
704,9,9,8,6,8,4,8,5,Not very helpful.,Negative
977,9,5,4,4,6,3,1,9,Course structure could be better.,Positive
454,9,6,6,1,10,8,10,7,The teacher explains well.,Positive
295,5,7,6,3,1,7,2,9,Loved the presentations.,Positive
35,10,6,4,5,6,2,3,1,Not very helpful.,Negative
304,9,9,4,6,5,1,7,2,The teacher explains well.,Positive
56,6,9,6,8,9,6,2,4,Best subject ever!,Positive
922,8,10,7,4,5,9,3,5,Not very helpful.,Negative
569,10,7,6,9,2,6,2,5,Best subject ever!,Positive
186,6,4,4,4,6,9,10,10,Sometimes explanations are confusing.,Negative
258,7,2,7,2,7,2,6,10,The teacher explains well.,Positive
560,8,7,8,3,8,7,4,8,Loved the presentations.,Positive
621,10,4,5,1,5,10,1,10,Course structure could be better.,Positive
568,10,7,4,6,10,8,10,8,I would recommend this course.,Positive
393,6,9,8,7,5,8,1,4,Assignments are too hard.,Negative
12,8,10,7,2,8,9,6,6,"Great course, learned a lot!",Positive
798,7,2,8,7,10,5,3,5,Loved the presentations.,Positive
740,8,10,7,3,2,10,10,1,The teacher explains well.,Positive
184,10,9,8,6,4,8,8,9,I would recommend this course.,Positive
410,7,2,5,2,6,6,3,10,Loved the presentations.,Positive
480,10,6,7,8,5,3,1,5,The teacher explains well.,Positive
84,7,4,6,10,7,7,8,9,Very supportive teacher.,Positive
89,9,9,4,5,1,2,3,9,Very supportive teacher.,Positive
763,6,9,6,7,6,10,2,5,Best subject ever!,Positive
86,7,8,6,8,3,10,2,7,Loved the presentations.,Positive
867,6,4,6,4,2,7,5,3,Very supportive teacher.,Positive
248,6,6,4,6,6,6,2,3,The teacher explains well.,Positive
751,7,3,8,10,2,7,2,6,Best subject ever!,Positive
522,6,9,8,10,9,5,3,6,The teacher explains well.,Positive
696,5,5,4,9,3,1,8,6,Best subject ever!,Positive
274,8,2,4,7,10,8,5,8,Loved the presentations.,Positive
921,9,7,5,10,10,9,6,4,I would recommend this course.,Positive
957,6,2,7,8,5,9,5,4,Course structure could be better.,Positive
88,9,4,4,9,9,9,7,10,Not very helpful.,Negative
149,5,6,5,1,8,9,7,8,I would recommend this course.,Positive
737,7,9,4,5,5,2,2,1,Sometimes explanations are confusing.,Negative
891,7,2,4,9,6,9,7,9,The teacher explains well.,Positive
1,9,6,8,7,6,5,3,10,Sometimes explanations are confusing.,Negative
868,7,9,7,2,6,2,9,4,I would recommend this course.,Positive
895,5,5,7,7,2,1,8,9,Best subject ever!,Positive
638,9,10,8,2,1,1,4,8,Not very helpful.,Negative
707,5,6,6,5,1,9,6,9,Not very helpful.,Negative
432,9,9,6,8,2,3,2,4,"Great course, learned a lot!",Positive
988,7,4,6,7,6,9,7,1,Not very helpful.,Negative
742,7,7,8,2,1,1,8,1,Course structure could be better.,Positive
730,6,5,4,5,6,6,7,2,Not very helpful.,Negative
321,5,7,6,2,3,5,3,5,I would recommend this course.,Positive
904,8,5,8,9,7,9,8,6,"Great course, learned a lot!",Positive
171,6,10,4,6,1,6,2,3,I would recommend this course.,Positive
695,10,4,4,1,5,8,7,1,I would recommend this course.,Positive
498,8,5,4,5,10,7,1,10,Assignments are too hard.,Negative
446,7,8,5,10,10,2,5,9,"Great course, learned a lot!",Positive
982,9,10,7,5,6,6,1,5,I would recommend this course.,Positive
981,7,6,7,5,4,6,8,3,Assignments are too hard.,Negative
849,6,10,6,7,7,4,10,7,Assignments are too hard.,Negative
297,7,10,6,8,10,10,2,8,"Great course, learned a lot!",Positive
713,8,6,7,5,2,7,10,8,Sometimes explanations are confusing.,Negative
192,8,4,8,6,3,5,1,5,Best subject ever!,Positive
561,9,6,4,8,6,8,3,3,Course structure could be better.,Positive
364,6,6,7,9,6,4,7,6,Best subject ever!,Positive
40,6,7,5,6,10,5,6,3,Not very helpful.,Negative
521,5,9,4,2,1,8,3,7,Course structure could be better.,Positive
201,8,2,8,9,8,8,9,4,Not very helpful.,Negative
780,6,4,4,10,6,5,6,8,I would recommend this course.,Positive
853,7,9,4,8,9,4,10,2,The teacher explains well.,Positive
202,5,6,6,10,3,4,2,8,"Great course, learned a lot!",Positive
421,6,3,8,10,6,8,7,9,Course structure could be better.,Positive
671,9,8,6,10,10,7,7,8,Course structure could be better.,Positive
334,5,9,4,3,8,10,4,2,I would recommend this course.,Positive
843,6,8,5,4,5,5,10,6,Sometimes explanations are confusing.,Negative
57,10,7,6,10,4,4,2,4,Assignments are too hard.,Negative
353,6,7,5,3,6,6,7,5,I would recommend this course.,Positive
681,7,2,7,5,2,1,3,7,Very supportive teacher.,Positive
394,6,3,6,10,7,4,3,3,Assignments are too hard.,Negative
188,7,6,8,9,9,8,9,10,"Great course, learned a lot!",Positive
641,5,10,6,7,4,2,5,4,Assignments are too hard.,Negative
544,10,7,8,4,6,5,7,8,Sometimes explanations are confusing.,Negative
163,9,3,4,7,3,8,6,8,Assignments are too hard.,Negative
283,9,2,6,1,2,10,5,5,"Great course, learned a lot!",Positive
820,6,5,4,9,2,5,10,7,Sometimes explanations are confusing.,Negative
254,6,6,6,8,9,4,4,8,Best subject ever!,Positive
221,9,6,8,1,8,2,5,6,Course structure could be better.,Positive
736,8,2,8,8,2,6,5,4,Course structure could be better.,Positive
280,9,10,4,7,7,3,5,4,Not very helpful.,Negative
976,5,2,5,5,7,9,4,3,Best subject ever!,Positive
481,9,10,8,9,1,3,1,9,Best subject ever!,Positive
80,7,6,4,1,5,6,1,8,Assignments are too hard.,Negative
473,10,10,7,5,2,6,10,5,Course structure could be better.,Positive
762,10,7,5,7,8,9,3,4,"Great course, learned a lot!",Positive
385,5,2,6,7,3,2,10,1,Loved the presentations.,Positive
195,9,7,5,5,10,10,5,1,Loved the presentations.,Positive
144,8,6,5,6,3,8,2,6,Sometimes explanations are confusing.,Negative
767,10,10,8,3,9,6,4,8,Course structure could be better.,Positive
300,6,8,4,5,5,9,5,4,Course structure could be better.,Positive
580,5,2,5,8,6,5,4,9,Loved the presentations.,Positive
216,5,9,8,2,4,8,9,10,Course structure could be better.,Positive
583,9,3,4,6,5,3,8,7,Assignments are too hard.,Negative
881,7,9,5,9,4,5,4,8,Very supportive teacher.,Positive
488,8,8,6,9,7,4,6,1,The teacher explains well.,Positive
892,5,8,8,9,6,9,10,6,Best subject ever!,Positive
152,7,2,5,1,5,10,5,6,Not very helpful.,Negative
925,7,10,6,7,9,10,1,3,Sometimes explanations are confusing.,Negative
729,9,9,8,7,5,4,5,5,Very supportive teacher.,Positive
647,5,5,8,8,9,6,9,8,Loved the presentations.,Positive
686,8,6,5,5,2,6,5,8,Best subject ever!,Positive
93,9,10,6,4,9,6,7,8,Course structure could be better.,Positive
485,8,4,7,1,4,7,1,4,Not very helpful.,Negative
59,5,8,5,6,10,3,4,10,Course structure could be better.,Positive
907,10,4,7,6,1,2,5,1,"Great course, learned a lot!",Positive
158,10,6,5,6,2,10,3,8,"Great course, learned a lot!",Positive
955,10,4,4,1,10,1,10,10,Not very helpful.,Negative
758,8,3,7,7,9,6,7,5,Not very helpful.,Negative
605,6,4,4,4,7,5,5,2,Loved the presentations.,Positive
475,10,6,4,9,3,1,6,7,Not very helpful.,Negative
154,9,7,4,8,2,6,3,9,Assignments are too hard.,Negative
79,6,4,6,6,6,4,9,10,Course structure could be better.,Positive
36,10,6,5,2,1,9,9,6,Very supportive teacher.,Positive
562,6,3,6,7,8,7,4,1,I would recommend this course.,Positive
231,10,7,8,1,3,3,3,3,Not very helpful.,Negative
869,8,7,6,2,9,4,1,7,Sometimes explanations are confusing.,Negative
608,7,4,6,5,4,7,8,7,"Great course, learned a lot!",Positive
846,10,7,7,4,7,10,7,1,Assignments are too hard.,Negative
542,10,4,7,7,2,2,5,9,Best subject ever!,Positive
941,9,3,7,2,9,7,3,1,I would recommend this course.,Positive
919,10,2,8,5,6,3,8,5,Very supportive teacher.,Positive
352,6,2,6,3,5,3,8,6,I would recommend this course.,Positive
839,9,2,5,10,4,4,9,1,Not very helpful.,Negative
266,8,8,5,6,6,8,2,2,Loved the presentations.,Positive
298,8,4,8,9,7,1,7,3,"Great course, learned a lot!",Positive
929,10,2,6,1,1,9,9,7,"Great course, learned a lot!",Positive
574,6,4,8,5,9,5,7,10,Best subject ever!,Positive
250,5,7,7,3,1,6,3,1,Loved the presentations.,Positive
616,9,8,6,9,6,3,5,8,Course structure could be better.,Positive
164,8,5,7,10,8,9,10,1,The teacher explains well.,Positive
827,6,3,4,9,7,8,7,6,Assignments are too hard.,Negative
228,7,6,6,1,6,6,6,9,"Great course, learned a lot!",Positive
787,10,10,5,10,1,9,3,8,Sometimes explanations are confusing.,Negative
317,8,8,4,1,10,10,9,1,"Great course, learned a lot!",Positive
110,9,6,4,1,4,7,9,5,I would recommend this course.,Positive
165,6,2,6,2,2,10,2,2,"Great course, learned a lot!",Positive
701,5,9,7,1,9,9,1,9,"Great course, learned a lot!",Positive
362,7,9,6,7,4,8,1,2,The teacher explains well.,Positive
890,8,7,5,3,9,1,4,5,The teacher explains well.,Positive
728,10,9,4,8,5,2,3,10,Very supportive teacher.,Positive
466,9,8,5,5,6,2,10,4,Course structure could be better.,Positive
709,9,3,6,4,4,8,10,1,Sometimes explanations are confusing.,Negative
482,10,3,4,3,10,1,8,5,"Great course, learned a lot!",Positive
406,9,10,6,1,6,1,9,2,"Great course, learned a lot!",Positive
66,8,5,8,7,6,1,9,9,Assignments are too hard.,Negative
862,6,5,6,5,7,2,10,8,The teacher explains well.,Positive
61,9,8,6,5,3,10,6,6,Sometimes explanations are confusing.,Negative
111,7,9,7,1,10,10,3,10,Best subject ever!,Positive
147,6,8,4,6,9,6,8,7,Very supportive teacher.,Positive
211,7,4,4,3,7,8,7,10,Course structure could be better.,Positive
996,6,5,6,10,8,7,8,4,Loved the presentations.,Positive
459,8,5,8,6,6,1,8,4,Course structure could be better.,Positive
81,5,5,6,5,7,3,9,5,I would recommend this course.,Positive
288,5,9,6,9,4,4,2,6,"Great course, learned a lot!",Positive
6,7,10,8,3,3,4,1,2,Very supportive teacher.,Positive
547,6,6,8,5,1,2,2,8,I would recommend this course.,Positive
30,6,2,7,5,1,10,9,10,Sometimes explanations are confusing.,Negative
445,9,4,4,2,4,8,1,6,Loved the presentations.,Positive
591,6,9,8,5,10,6,2,10,The teacher explains well.,Positive
770,10,10,5,7,10,7,7,10,Very supportive teacher.,Positive
484,9,6,8,10,3,2,8,4,Very supportive teacher.,Positive
180,8,4,4,1,6,9,6,1,"Great course, learned a lot!",Positive
946,5,5,5,6,1,3,10,5,Not very helpful.,Negative
901,9,8,6,1,2,9,8,2,Very supportive teacher.,Positive
517,10,5,7,7,5,10,6,5,Assignments are too hard.,Negative
545,9,4,8,1,8,6,2,4,Loved the presentations.,Positive
918,8,3,8,9,9,1,6,1,Loved the presentations.,Positive
652,8,3,4,8,3,2,2,3,Assignments are too hard.,Negative
471,10,10,4,8,2,2,4,7,Best subject ever!,Positive
323,6,8,7,5,4,1,9,3,Assignments are too hard.,Negative
276,8,5,7,9,1,10,1,2,Assignments are too hard.,Negative
672,7,8,5,6,5,10,5,10,Loved the presentations.,Positive
337,10,7,6,8,9,5,1,1,Course structure could be better.,Positive
468,7,7,8,4,2,1,5,10,Loved the presentations.,Positive
380,8,8,4,8,2,4,9,2,Not very helpful.,Negative
755,9,8,7,2,9,6,3,7,"Great course, learned a lot!",Positive
267,8,9,4,4,8,4,8,1,I would recommend this course.,Positive
598,9,3,4,9,3,4,5,1,Course structure could be better.,Positive
128,6,2,6,1,9,3,9,2,The teacher explains well.,Positive
444,8,2,6,10,7,2,4,8,I would recommend this course.,Positive
572,6,5,4,4,8,6,8,9,"Great course, learned a lot!",Positive
319,8,3,6,6,7,10,8,4,Not very helpful.,Negative
390,8,6,7,5,1,4,3,9,Not very helpful.,Negative
176,10,2,6,7,4,10,1,3,The teacher explains well.,Positive
883,7,4,4,2,8,6,7,4,Course structure could be better.,Positive
831,5,2,8,3,5,10,7,7,Best subject ever!,Positive
220,10,5,8,7,9,7,2,7,Assignments are too hard.,Negative
17,7,6,5,3,9,5,5,2,Course structure could be better.,Positive
938,10,10,6,5,2,9,9,9,Best subject ever!,Positive
651,8,7,6,3,9,10,6,1,Not very helpful.,Negative
953,5,10,8,10,6,4,6,4,Loved the presentations.,Positive
902,5,8,6,10,4,5,5,9,"Great course, learned a lot!",Positive
167,7,7,5,8,6,9,9,8,The teacher explains well.,Positive
669,9,3,4,5,2,2,1,6,"Great course, learned a lot!",Positive
859,8,3,5,9,10,3,1,6,Sometimes explanations are confusing.,Negative
120,8,4,7,5,4,4,10,6,Sometimes explanations are confusing.,Negative
293,10,4,7,1,6,7,7,4,Course structure could be better.,Positive
789,10,2,8,7,9,8,1,4,Not very helpful.,Negative
182,5,2,7,2,3,6,1,9,Not very helpful.,Negative
369,10,5,4,4,3,7,4,10,Assignments are too hard.,Negative
207,6,8,6,7,9,7,2,5,Assignments are too hard.,Negative
842,10,7,5,3,3,6,4,6,Assignments are too hard.,Negative
38,5,8,7,6,10,8,9,5,Loved the presentations.,Positive
495,5,4,7,9,6,10,5,9,I would recommend this course.,Positive
942,10,6,8,3,7,8,4,5,Very supportive teacher.,Positive
752,10,7,4,4,4,9,10,7,I would recommend this course.,Positive
940,7,3,6,9,10,8,3,5,"Great course, learned a lot!",Positive
648,5,7,7,9,6,3,10,3,I would recommend this course.,Positive
125,6,2,4,5,9,7,7,7,Loved the presentations.,Positive
516,10,2,8,9,2,3,3,1,"Great course, learned a lot!",Positive
963,9,6,4,5,3,3,6,6,I would recommend this course.,Positive
215,5,6,6,2,1,9,5,8,Loved the presentations.,Positive
823,7,5,8,3,4,3,1,10,Very supportive teacher.,Positive
840,5,7,5,6,9,9,10,6,I would recommend this course.,Positive
429,8,3,5,1,8,1,8,9,Loved the presentations.,Positive
109,6,3,5,6,1,6,6,10,Assignments are too hard.,Negative
795,6,9,8,4,2,6,10,6,Not very helpful.,Negative
760,9,4,4,3,8,5,10,1,Assignments are too hard.,Negative
536,10,10,4,7,8,7,6,2,Not very helpful.,Negative
888,6,6,5,2,3,6,6,3,The teacher explains well.,Positive
719,10,10,8,7,6,10,6,4,The teacher explains well.,Positive
654,6,4,4,9,5,8,8,2,The teacher explains well.,Positive
947,7,3,8,1,5,9,7,2,Very supportive teacher.,Positive
403,5,7,6,6,5,6,4,6,Assignments are too hard.,Negative
124,9,9,7,9,1,9,4,3,Not very helpful.,Negative
548,9,8,6,7,1,2,7,6,Loved the presentations.,Positive
880,7,3,6,3,5,3,3,10,"Great course, learned a lot!",Positive
939,10,10,7,4,1,2,3,9,Loved the presentations.,Positive
166,6,10,4,4,4,8,4,6,"Great course, learned a lot!",Positive
885,5,6,7,7,2,2,5,7,Sometimes explanations are confusing.,Negative
112,7,9,6,9,1,7,1,2,Loved the presentations.,Positive
811,8,8,8,6,1,4,9,1,I would recommend this course.,Positive
213,10,8,4,10,1,5,6,2,I would recommend this course.,Positive
375,10,4,4,1,3,4,7,9,Course structure could be better.,Positive
897,6,7,4,1,9,8,8,7,Assignments are too hard.,Negative
460,7,8,5,6,7,7,6,7,"Great course, learned a lot!",Positive
416,6,2,5,8,9,6,3,7,"Great course, learned a lot!",Positive
571,8,9,7,3,1,8,9,7,Assignments are too hard.,Negative
744,8,5,7,3,10,4,6,7,Very supportive teacher.,Positive
378,9,8,7,2,4,7,2,6,Course structure could be better.,Positive
121,5,9,5,2,4,5,6,6,Very supportive teacher.,Positive
462,10,4,8,5,4,6,4,7,Very supportive teacher.,Positive
777,8,6,4,6,4,7,10,1,Very supportive teacher.,Positive
845,5,10,6,8,4,4,4,5,Assignments are too hard.,Negative
533,6,10,5,7,2,5,10,10,Very supportive teacher.,Positive
450,5,2,6,2,4,5,1,4,I would recommend this course.,Positive
717,6,2,4,6,6,2,6,9,The teacher explains well.,Positive
469,10,8,6,1,3,5,8,10,Sometimes explanations are confusing.,Negative
670,7,7,8,1,6,1,2,1,"Great course, learned a lot!",Positive
137,8,2,5,2,4,9,7,8,"Great course, learned a lot!",Positive
801,10,7,4,3,6,1,10,4,Sometimes explanations are confusing.,Negative
315,5,10,5,10,8,4,8,4,Assignments are too hard.,Negative
153,7,7,5,3,8,9,8,9,Loved the presentations.,Positive
190,8,6,7,5,6,4,3,8,Assignments are too hard.,Negative
22,7,9,4,1,2,8,10,4,"Great course, learned a lot!",Positive
949,9,8,7,1,7,6,9,4,"Great course, learned a lot!",Positive
523,10,2,6,9,7,5,10,9,Sometimes explanations are confusing.,Negative
527,5,6,5,2,8,6,9,8,Very supportive teacher.,Positive
461,7,10,7,6,6,8,4,9,Assignments are too hard.,Negative
244,5,8,4,9,3,10,1,3,Not very helpful.,Negative
363,9,3,8,10,2,7,5,1,Sometimes explanations are confusing.,Negative
610,8,10,6,8,2,1,5,1,I would recommend this course.,Positive
381,9,2,8,8,1,9,1,2,"Great course, learned a lot!",Positive
954,8,8,6,3,9,5,7,2,Sometimes explanations are confusing.,Negative
604,10,9,8,9,4,8,7,9,Assignments are too hard.,Negative
414,10,6,4,8,2,9,9,3,"Great course, learned a lot!",Positive
151,8,7,5,10,8,3,8,6,Loved the presentations.,Positive
721,6,9,4,1,4,10,10,9,Sometimes explanations are confusing.,Negative
664,10,8,7,4,8,2,1,10,Course structure could be better.,Positive
956,7,2,6,5,2,3,8,7,"Great course, learned a lot!",Positive
747,5,3,5,6,5,10,3,6,Assignments are too hard.,Negative
438,9,6,5,9,2,3,9,3,The teacher explains well.,Positive
975,5,10,4,8,7,6,8,3,Not very helpful.,Negative
277,5,6,8,7,2,7,1,10,Best subject ever!,Positive
312,7,2,7,6,6,3,7,2,Very supportive teacher.,Positive
565,10,9,7,10,4,8,5,4,Best subject ever!,Positive
739,8,7,5,10,1,1,8,1,Assignments are too hard.,Negative
584,8,8,5,8,6,6,9,4,I would recommend this course.,Positive
894,6,3,5,4,7,1,5,5,I would recommend this course.,Positive
270,9,10,5,9,6,4,7,7,The teacher explains well.,Positive
966,7,4,5,3,1,8,10,2,Very supportive teacher.,Positive
489,7,2,5,8,1,1,8,8,Course structure could be better.,Positive
665,6,3,4,2,8,5,8,5,The teacher explains well.,Positive
71,9,10,8,4,9,3,8,2,Best subject ever!,Positive
603,7,2,7,1,7,7,1,7,The teacher explains well.,Positive
196,8,10,8,10,6,7,7,7,Best subject ever!,Positive
804,9,3,7,6,10,7,9,7,"Great course, learned a lot!",Positive
837,5,10,4,1,4,8,9,1,I would recommend this course.,Positive
530,6,5,4,9,1,2,3,6,"Great course, learned a lot!",Positive
720,6,6,6,9,10,4,6,7,Not very helpful.,Negative
272,5,4,6,4,4,7,7,9,Very supportive teacher.,Positive
984,5,10,6,4,2,10,4,6,Course structure could be better.,Positive
185,10,3,8,4,1,10,7,9,Best subject ever!,Positive
487,6,6,4,2,10,10,1,9,Course structure could be better.,Positive
75,8,9,8,6,2,7,9,10,Best subject ever!,Positive
718,6,3,6,7,6,6,2,6,Assignments are too hard.,Negative
496,10,7,4,6,10,5,3,6,The teacher explains well.,Positive
630,5,5,4,8,3,6,6,8,Not very helpful.,Negative
637,8,10,5,6,10,8,2,2,I would recommend this course.,Positive
360,9,9,8,2,3,1,8,6,Best subject ever!,Positive
183,6,7,5,5,4,7,1,9,Course structure could be better.,Positive
689,10,8,7,8,1,9,5,10,Not very helpful.,Negative
236,6,9,6,4,1,2,8,4,Loved the presentations.,Positive
768,6,6,6,3,5,9,8,3,Loved the presentations.,Positive
316,7,2,7,8,6,4,2,9,"Great course, learned a lot!",Positive
396,6,10,4,6,1,2,4,10,I would recommend this course.,Positive
212,6,4,4,6,5,10,10,2,Assignments are too hard.,Negative
830,9,7,7,10,7,8,6,4,Course structure could be better.,Positive
209,9,8,5,3,3,10,7,2,The teacher explains well.,Positive
62,7,4,4,5,3,10,2,1,The teacher explains well.,Positive
447,8,7,7,1,4,7,10,9,Course structure could be better.,Positive
100,6,6,6,10,7,5,7,8,Very supportive teacher.,Positive
305,10,8,8,4,6,3,10,4,Assignments are too hard.,Negative
494,10,6,6,6,4,10,2,9,Not very helpful.,Negative
328,10,6,5,4,6,10,8,2,Best subject ever!,Positive
854,8,2,8,4,6,2,4,7,Very supportive teacher.,Positive
866,5,10,4,8,3,7,4,5,Best subject ever!,Positive
943,8,9,7,10,6,7,7,6,Best subject ever!,Positive
734,9,8,5,3,10,1,8,3,Very supportive teacher.,Positive
189,9,3,6,2,3,8,10,7,"Great course, learned a lot!",Positive
404,10,5,7,8,1,5,10,4,Loved the presentations.,Positive
518,7,4,8,5,7,9,2,6,Best subject ever!,Positive
856,6,9,4,6,8,8,3,8,Very supportive teacher.,Positive
70,9,2,5,8,10,9,7,6,Very supportive teacher.,Positive
457,7,4,8,2,3,6,8,4,Sometimes explanations are confusing.,Negative
148,5,4,4,4,8,10,5,5,"Great course, learned a lot!",Positive
958,10,10,5,8,5,10,7,8,I would recommend this course.,Positive
356,7,3,7,6,4,2,1,10,Sometimes explanations are confusing.,Negative
793,10,9,6,4,7,6,8,3,Sometimes explanations are confusing.,Negative
771,8,7,6,4,8,7,3,2,Course structure could be better.,Positive
452,5,6,7,9,7,8,6,1,Loved the presentations.,Positive
72,8,7,7,3,4,1,4,7,Very supportive teacher.,Positive
710,7,2,6,5,7,7,6,10,Loved the presentations.,Positive
980,6,3,7,1,5,4,9,4,Assignments are too hard.,Negative
145,6,8,4,6,1,3,2,7,Course structure could be better.,Positive
960,6,9,6,1,3,3,5,8,I would recommend this course.,Positive
660,5,7,7,3,10,3,3,4,Loved the presentations.,Positive
987,9,10,7,8,7,3,8,7,The teacher explains well.,Positive
534,9,5,7,5,2,6,10,8,Best subject ever!,Positive
858,9,5,5,3,2,2,7,7,Assignments are too hard.,Negative
324,10,5,5,2,2,5,7,6,"Great course, learned a lot!",Positive
884,7,4,7,10,5,1,7,4,I would recommend this course.,Positive
611,8,9,5,3,9,5,8,3,Assignments are too hard.,Negative
136,8,6,7,10,9,9,2,3,Best subject ever!,Positive
705,9,3,6,3,3,5,1,2,Course structure could be better.,Positive
991,7,4,5,8,9,8,5,1,Best subject ever!,Positive
676,9,8,5,7,4,10,2,6,Sometimes explanations are confusing.,Negative
769,9,8,8,8,1,1,8,5,Best subject ever!,Positive
246,7,10,8,8,4,10,3,8,Sometimes explanations are confusing.,Negative
644,9,6,8,2,7,6,4,6,Course structure could be better.,Positive
263,7,9,4,7,9,8,10,7,Not very helpful.,Negative
476,9,4,6,4,8,6,4,10,Sometimes explanations are confusing.,Negative
697,7,7,6,1,8,10,5,2,"Great course, learned a lot!",Positive
95,7,2,5,5,9,6,8,3,Best subject ever!,Positive
688,8,6,7,5,6,1,4,10,Best subject ever!,Positive
633,8,2,4,7,4,6,7,4,"Great course, learned a lot!",Positive
241,8,3,8,8,10,1,8,6,The teacher explains well.,Positive
524,9,8,4,6,10,1,9,10,Very supportive teacher.,Positive
504,9,4,5,6,6,1,7,10,Not very helpful.,Negative
417,9,6,7,9,5,1,7,2,I would recommend this course.,Positive
554,6,6,8,2,4,6,4,10,Sometimes explanations are confusing.,Negative
656,6,2,7,2,5,6,9,9,"Great course, learned a lot!",Positive
19,10,4,6,3,9,10,9,3,Course structure could be better.,Positive
275,8,5,4,9,5,5,8,10,Sometimes explanations are confusing.,Negative
478,5,10,7,6,8,7,3,9,Very supportive teacher.,Positive
132,6,9,5,8,10,3,2,10,Course structure could be better.,Positive
515,8,3,5,10,3,4,9,4,Assignments are too hard.,Negative
44,8,9,5,3,6,9,4,9,Best subject ever!,Positive
388,6,10,4,5,6,4,4,9,Assignments are too hard.,Negative
204,8,7,6,3,3,10,3,6,Sometimes explanations are confusing.,Negative
338,5,2,4,6,9,10,9,4,Very supportive teacher.,Positive
619,8,7,6,4,3,9,3,8,Not very helpful.,Negative
205,8,4,4,2,1,7,9,7,Sometimes explanations are confusing.,Negative
39,7,3,7,10,6,4,8,2,"Great course, learned a lot!",Positive
53,5,8,5,1,10,8,5,7,Loved the presentations.,Positive
58,9,3,7,1,2,3,10,7,Sometimes explanations are confusing.,Negative
157,9,6,8,2,8,4,4,3,Best subject ever!,Positive
28,8,6,6,9,9,9,4,7,Best subject ever!,Positive
833,8,6,7,7,7,9,10,9,Sometimes explanations are confusing.,Negative
252,8,9,4,6,10,2,7,5,Course structure could be better.,Positive
658,8,5,6,7,10,4,6,4,Loved the presentations.,Positive
179,6,3,7,6,2,6,5,2,"Great course, learned a lot!",Positive
851,9,6,4,10,2,1,3,10,Sometimes explanations are confusing.,Negative
809,7,8,7,5,10,2,8,8,Course structure could be better.,Positive
330,7,7,5,7,9,10,2,2,Best subject ever!,Positive
94,10,10,4,7,8,2,4,4,Best subject ever!,Positive
826,10,5,7,2,8,7,10,5,Very supportive teacher.,Positive
227,9,3,6,4,7,4,4,7,Sometimes explanations are confusing.,Negative
1000,9,8,5,4,10,7,7,10,Loved the presentations.,Positive
114,10,9,7,1,8,4,4,2,The teacher explains well.,Positive
251,5,9,6,9,6,4,5,2,Loved the presentations.,Positive
613,5,6,6,3,9,4,2,9,Best subject ever!,Positive
101,10,5,6,6,9,8,10,3,Best subject ever!,Positive
871,7,8,7,10,10,7,2,2,Assignments are too hard.,Negative
551,6,3,5,7,3,1,9,10,Best subject ever!,Positive
931,6,5,7,3,6,5,6,10,"Great course, learned a lot!",Positive
49,8,7,8,8,1,1,8,3,I would recommend this course.,Positive
512,5,10,7,9,9,9,6,9,Sometimes explanations are confusing.,Negative
261,9,9,7,7,4,10,5,9,Loved the presentations.,Positive
754,6,9,4,4,3,10,2,10,I would recommend this course.,Positive
345,8,2,8,9,10,10,9,5,Course structure could be better.,Positive
970,10,9,5,7,6,7,4,7,The teacher explains well.,Positive
990,6,9,6,4,9,5,10,8,"Great course, learned a lot!",Positive
911,6,4,4,10,9,4,7,2,Loved the presentations.,Positive
909,9,8,5,9,5,6,9,7,I would recommend this course.,Positive
817,6,5,7,10,10,4,6,6,The teacher explains well.,Positive
733,10,10,5,1,4,1,3,4,Assignments are too hard.,Negative
626,7,9,5,4,9,4,3,1,"Great course, learned a lot!",Positive
292,7,9,8,1,5,4,7,4,"Great course, learned a lot!",Positive
82,5,10,8,4,4,10,5,5,Assignments are too hard.,Negative
355,10,8,5,6,5,10,1,8,Sometimes explanations are confusing.,Negative
948,9,5,4,7,9,3,5,7,Assignments are too hard.,Negative
341,9,4,4,4,7,5,5,8,"Great course, learned a lot!",Positive
952,7,9,5,7,8,8,10,5,"Great course, learned a lot!",Positive
711,7,3,4,6,3,7,6,4,I would recommend this course.,Positive
635,7,3,8,6,7,4,10,5,Best subject ever!,Positive
850,5,8,7,4,8,7,8,6,The teacher explains well.,Positive
716,6,3,7,9,2,3,3,6,Assignments are too hard.,Negative
627,10,2,4,1,6,5,9,5,The teacher explains well.,Positive
661,6,10,4,3,8,2,7,6,Assignments are too hard.,Negative
877,8,9,4,5,10,10,10,2,Course structure could be better.,Positive
177,8,2,6,2,8,1,9,9,"Great course, learned a lot!",Positive
322,8,10,7,3,3,3,1,5,Best subject ever!,Positive
914,9,2,4,2,4,2,2,9,I would recommend this course.,Positive
486,10,9,5,1,4,10,6,9,Best subject ever!,Positive
723,6,10,5,3,10,3,6,4,Best subject ever!,Positive
105,9,10,5,1,3,1,1,2,Best subject ever!,Positive
52,6,10,4,1,7,3,10,2,The teacher explains well.,Positive
436,9,9,4,10,1,10,10,2,Assignments are too hard.,Negative
829,6,9,5,3,2,2,10,9,Not very helpful.,Negative
753,5,10,8,7,5,10,9,7,Course structure could be better.,Positive
130,7,9,5,9,3,2,5,4,Loved the presentations.,Positive
91,6,5,4,2,5,8,3,3,Best subject ever!,Positive
590,10,3,4,4,9,9,6,2,Sometimes explanations are confusing.,Negative
965,10,3,4,5,10,3,7,3,The teacher explains well.,Positive
99,8,9,6,2,2,3,10,6,I would recommend this course.,Positive
912,7,10,7,10,2,7,5,7,Loved the presentations.,Positive
395,9,6,8,2,7,9,8,10,Not very helpful.,Negative
923,6,3,5,6,9,4,10,3,Sometimes explanations are confusing.,Negative
499,7,9,8,3,5,1,5,2,Not very helpful.,Negative
115,5,5,7,1,3,8,1,10,Loved the presentations.,Positive
815,5,9,6,6,2,9,5,3,Best subject ever!,Positive
570,10,10,6,8,9,2,8,10,Sometimes explanations are confusing.,Negative
825,9,7,8,1,3,2,9,3,Not very helpful.,Negative
620,9,5,8,2,8,10,8,8,I would recommend this course.,Positive
175,10,9,8,2,1,6,7,2,Assignments are too hard.,Negative
358,5,7,4,3,3,10,3,4,"Great course, learned a lot!",Positive
191,7,4,5,2,5,10,4,7,Assignments are too hard.,Negative
492,6,5,8,10,3,8,3,2,Loved the presentations.,Positive
529,9,6,6,1,4,10,1,7,The teacher explains well.,Positive
389,5,5,8,6,2,3,5,7,"Great course, learned a lot!",Positive
878,6,5,8,4,10,3,9,10,Course structure could be better.,Positive
368,7,9,8,3,2,7,4,1,I would recommend this course.,Positive
122,7,5,5,3,9,6,9,2,Course structure could be better.,Positive
332,9,2,7,2,8,7,4,10,Sometimes explanations are confusing.,Negative
303,7,4,5,4,7,2,1,6,"Great course, learned a lot!",Positive
336,8,10,4,5,6,7,2,3,Course structure could be better.,Positive
588,6,6,4,10,10,10,3,9,Course structure could be better.,Positive
609,10,9,4,4,1,5,9,10,Not very helpful.,Negative
920,10,6,7,10,10,2,4,2,Assignments are too hard.,Negative
370,9,4,7,10,1,10,2,7,Not very helpful.,Negative
405,10,2,5,5,5,1,4,6,"Great course, learned a lot!",Positive
779,10,8,6,3,8,8,7,8,"Great course, learned a lot!",Positive
962,10,6,4,5,1,7,1,10,Loved the presentations.,Positive
268,10,6,5,9,9,1,8,6,Not very helpful.,Negative
625,10,7,6,7,9,6,3,3,Very supportive teacher.,Positive
217,8,9,8,3,8,5,5,5,Assignments are too hard.,Negative
479,10,10,4,6,5,9,2,3,"Great course, learned a lot!",Positive
500,9,5,8,4,2,2,5,1,Loved the presentations.,Positive
409,8,9,7,3,10,4,6,1,Not very helpful.,Negative
546,7,7,5,1,9,8,1,1,Assignments are too hard.,Negative
967,5,5,8,8,1,9,8,5,Not very helpful.,Negative
343,8,4,7,1,10,8,2,6,Course structure could be better.,Positive
639,7,4,7,7,6,10,5,7,Loved the presentations.,Positive
402,6,8,6,9,4,8,5,7,Assignments are too hard.,Negative
617,5,7,5,4,7,1,10,6,Best subject ever!,Positive
349,6,8,8,2,9,9,2,8,Sometimes explanations are confusing.,Negative
994,8,5,5,2,5,5,9,5,Sometimes explanations are confusing.,Negative
279,5,10,7,1,4,4,9,4,Assignments are too hard.,Negative
926,10,7,5,1,1,6,6,1,Not very helpful.,Negative
816,10,8,5,9,2,7,9,3,Loved the presentations.,Positive
765,8,7,8,5,7,7,7,7,Sometimes explanations are confusing.,Negative
160,10,6,5,4,2,10,4,7,Loved the presentations.,Positive
606,8,3,8,1,6,4,8,9,Sometimes explanations are confusing.,Negative
602,5,3,6,2,8,10,3,1,Course structure could be better.,Positive
893,10,6,8,1,1,10,1,3,Not very helpful.,Negative
810,9,6,7,3,5,9,10,5,Course structure could be better.,Positive
802,8,2,6,6,3,8,7,7,Sometimes explanations are confusing.,Negative
162,6,2,5,2,10,2,8,8,Best subject ever!,Positive
449,5,7,8,9,3,2,7,10,Best subject ever!,Positive
463,7,8,7,8,1,4,4,1,Course structure could be better.,Positive
41,5,3,5,9,3,1,8,8,Best subject ever!,Positive
838,6,3,6,8,7,1,8,8,Sometimes explanations are confusing.,Negative
703,10,7,8,3,4,7,9,8,Assignments are too hard.,Negative
490,9,2,6,10,9,8,2,4,Course structure could be better.,Positive
906,7,7,8,4,5,2,4,5,The teacher explains well.,Positive
174,7,3,6,7,10,10,2,3,Not very helpful.,Negative
4,5,8,5,7,10,7,3,1,Best subject ever!,Positive
161,6,7,8,3,5,10,6,4,Best subject ever!,Positive
31,5,4,5,9,9,2,4,1,"Great course, learned a lot!",Positive
623,6,4,6,6,10,10,3,9,Very supportive teacher.,Positive
818,10,5,4,9,2,6,2,6,Course structure could be better.,Positive
60,5,6,5,3,1,7,5,3,I would recommend this course.,Positive
384,6,2,7,9,4,4,2,8,Best subject ever!,Positive
971,7,6,7,4,6,6,7,9,Not very helpful.,Negative
427,7,3,7,2,9,8,8,7,The teacher explains well.,Positive
431,10,9,4,3,3,9,4,1,Best subject ever!,Positive
408,6,5,4,7,1,8,6,7,The teacher explains well.,Positive
577,10,7,4,10,7,2,5,1,Sometimes explanations are confusing.,Negative
803,6,10,8,5,6,5,6,7,Sometimes explanations are confusing.,Negative
273,9,3,7,1,5,3,8,4,Very supportive teacher.,Positive
371,6,3,4,9,4,10,4,10,Assignments are too hard.,Negative
999,6,7,8,8,9,9,9,5,I would recommend this course.,Positive
595,10,5,5,4,10,4,4,4,"Great course, learned a lot!",Positive
63,8,8,7,4,4,4,8,2,Very supportive teacher.,Positive
899,5,4,7,7,2,6,1,1,Loved the presentations.,Positive
0,7,4,8,2,1,4,8,3,"Great course, learned a lot!",Positive
796,7,9,6,2,7,7,6,8,Course structure could be better.,Positive
181,10,10,4,2,1,5,3,1,Not very helpful.,Negative
290,6,7,6,4,2,8,9,7,Loved the presentations.,Positive
373,6,4,8,10,5,3,10,10,Loved the presentations.,Positive
285,6,10,5,7,3,3,5,1,Very supportive teacher.,Positive
882,6,3,4,1,7,5,4,2,Assignments are too hard.,Negative
776,8,3,7,6,3,7,6,7,Very supportive teacher.,Positive
935,10,9,7,2,8,2,1,2,Course structure could be better.,Positive
679,10,6,4,5,10,9,6,7,Best subject ever!,Positive
102,7,4,6,3,5,7,5,5,Best subject ever!,Positive
618,5,8,6,9,3,8,7,9,Assignments are too hard.,Negative
607,8,4,4,10,10,8,3,7,Course structure could be better.,Positive
743,9,7,7,10,1,5,5,10,Assignments are too hard.,Negative
682,8,5,8,9,2,10,3,4,The teacher explains well.,Positive
16,5,3,6,6,5,8,8,2,Best subject ever!,Positive
969,8,6,8,10,2,1,3,2,Loved the presentations.,Positive
46,8,4,4,9,5,7,4,8,I would recommend this course.,Positive
706,6,8,7,9,8,6,4,1,Not very helpful.,Negative
993,9,9,4,1,5,2,9,9,Course structure could be better.,Positive
508,10,6,5,8,8,5,7,10,"Great course, learned a lot!",Positive
989,8,4,5,4,8,6,7,3,Assignments are too hard.,Negative
133,10,4,7,3,5,4,4,5,Not very helpful.,Negative
15,8,9,8,3,6,10,2,3,"Great course, learned a lot!",Positive
78,10,9,6,8,10,7,7,8,Not very helpful.,Negative
433,6,6,8,4,8,9,4,1,I would recommend this course.,Positive
784,7,7,4,3,7,8,6,10,"Great course, learned a lot!",Positive
983,5,2,4,1,9,4,3,2,Very supportive teacher.,Positive
197,9,3,5,9,8,2,4,10,Sometimes explanations are confusing.,Negative
483,8,2,6,2,10,2,2,5,Very supportive teacher.,Positive
376,5,5,5,8,8,4,6,10,Best subject ever!,Positive
915,10,7,4,6,9,4,9,5,Sometimes explanations are confusing.,Negative
210,6,5,7,9,5,1,2,4,Very supportive teacher.,Positive
20,8,4,5,1,10,10,7,5,Sometimes explanations are confusing.,Negative
425,5,9,8,1,10,8,10,10,Sometimes explanations are confusing.,Negative
668,6,3,6,1,2,10,9,3,Loved the presentations.,Positive
54,7,2,5,1,5,3,1,3,Assignments are too hard.,Negative
950,7,2,7,10,5,3,4,7,Assignments are too hard.,Negative
782,6,7,4,2,2,1,3,8,Loved the presentations.,Positive
108,5,5,7,5,10,7,3,9,Not very helpful.,Negative
400,9,4,5,5,8,10,6,10,The teacher explains well.,Positive
685,10,9,7,3,1,6,6,4,Not very helpful.,Negative
673,9,3,4,4,7,9,8,4,"Great course, learned a lot!",Positive
198,6,7,7,7,3,5,4,3,"Great course, learned a lot!",Positive
14,5,5,8,9,7,5,2,1,Sometimes explanations are confusing.,Negative
172,6,5,8,3,4,3,10,3,Very supportive teacher.,Positive
359,5,6,7,6,9,5,1,5,Very supportive teacher.,Positive
714,10,5,5,5,7,5,7,9,Assignments are too hard.,Negative
785,7,6,7,1,7,5,5,9,Course structure could be better.,Positive
865,8,4,6,2,7,5,2,7,Not very helpful.,Negative
662,10,6,4,5,1,9,6,3,Best subject ever!,Positive
513,9,10,7,7,9,2,10,1,I would recommend this course.,Positive
722,7,10,5,5,4,9,6,7,Very supportive teacher.,Positive
8,6,7,6,10,6,9,9,10,I would recommend this course.,Positive
873,10,10,4,5,9,10,2,5,Sometimes explanations are confusing.,Negative
684,10,3,7,4,4,5,1,10,I would recommend this course.,Positive
73,7,2,5,6,3,1,1,4,Best subject ever!,Positive
900,9,8,5,8,4,6,9,7,Loved the presentations.,Positive
933,6,9,4,8,7,10,3,5,Best subject ever!,Positive
634,6,7,6,6,1,6,3,8,I would recommend this course.,Positive
835,8,2,7,8,3,4,3,4,Best subject ever!,Positive
422,9,8,4,4,8,3,4,10,The teacher explains well.,Positive
235,6,2,8,8,6,3,3,1,Sometimes explanations are confusing.,Negative
286,10,3,7,10,8,8,4,9,Not very helpful.,Negative
129,7,3,4,9,1,4,4,9,Loved the presentations.,Positive
443,7,9,8,2,4,5,1,5,Very supportive teacher.,Positive
301,10,7,7,4,3,4,9,2,"Great course, learned a lot!",Positive
532,10,2,4,2,2,6,10,9,Not very helpful.,Negative
64,6,2,8,1,8,4,8,4,"Great course, learned a lot!",Positive
860,10,8,4,3,7,1,4,5,Sometimes explanations are confusing.,Negative
559,8,4,4,6,5,5,1,7,Loved the presentations.,Positive
311,7,5,6,8,4,9,8,9,Assignments are too hard.,Negative
32,9,3,7,7,6,1,9,2,Very supportive teacher.,Positive
296,10,7,4,2,2,10,10,8,The teacher explains well.,Positive
419,10,2,5,8,5,3,3,10,Assignments are too hard.,Negative
83,10,6,6,1,8,1,3,9,Sometimes explanations are confusing.,Negative
594,7,2,7,6,7,2,3,6,Not very helpful.,Negative
501,5,2,8,4,7,6,10,4,The teacher explains well.,Positive
411,8,4,4,4,8,4,3,1,Best subject ever!,Positive
824,10,7,7,9,4,9,9,8,I would recommend this course.,Positive
585,7,6,8,2,4,7,10,9,The teacher explains well.,Positive
848,9,9,6,1,9,2,8,6,Sometimes explanations are confusing.,Negative
299,10,8,5,5,4,3,1,9,Course structure could be better.,Positive
107,9,4,8,6,10,4,5,9,I would recommend this course.,Positive
119,9,10,5,1,9,6,7,6,"Great course, learned a lot!",Positive
335,5,3,4,2,8,4,7,6,Very supportive teacher.,Positive
557,5,5,8,2,4,10,6,1,"Great course, learned a lot!",Positive
113,5,6,7,1,10,6,4,7,The teacher explains well.,Positive
281,5,6,6,3,4,1,1,1,"Great course, learned a lot!",Positive
836,9,3,4,6,6,3,2,7,Sometimes explanations are confusing.,Negative
426,9,8,7,8,10,6,9,8,Best subject ever!,Positive
42,8,2,4,6,6,7,3,1,Not very helpful.,Negative
567,9,3,8,1,4,9,10,9,Very supportive teacher.,Positive
589,5,8,7,5,6,7,8,9,"Great course, learned a lot!",Positive
187,5,5,6,2,6,1,8,5,"Great course, learned a lot!",Positive
615,5,6,7,9,1,1,1,5,The teacher explains well.,Positive
556,9,9,5,5,1,3,6,10,Not very helpful.,Negative
3,9,6,5,9,10,5,5,4,Assignments are too hard.,Negative
667,9,9,6,2,1,3,10,2,"Great course, learned a lot!",Positive
234,7,2,4,5,1,8,7,2,Sometimes explanations are confusing.,Negative
96,6,6,5,10,8,10,5,2,Course structure could be better.,Positive
691,7,7,8,8,5,4,8,2,Very supportive teacher.,Positive
269,9,10,6,10,10,1,9,10,"Great course, learned a lot!",Positive
566,8,10,6,10,7,6,6,1,Sometimes explanations are confusing.,Negative
985,5,5,4,8,7,6,7,3,Sometimes explanations are confusing.,Negative
437,7,2,6,7,5,8,1,8,Very supportive teacher.,Positive
200,8,4,8,6,8,4,7,1,Assignments are too hard.,Negative
291,10,3,7,8,2,10,3,3,Sometimes explanations are confusing.,Negative
612,8,9,8,7,1,2,8,4,Course structure could be better.,Positive
448,6,7,7,9,2,9,2,5,Sometimes explanations are confusing.,Negative
439,6,8,7,7,7,4,5,4,Sometimes explanations are confusing.,Negative
573,5,5,5,8,8,9,8,2,Sometimes explanations are confusing.,Negative
7,5,8,5,6,2,10,4,8,Best subject ever!,Positive
725,5,10,8,4,3,5,1,6,Best subject ever!,Positive
50,9,8,6,7,1,6,7,4,Assignments are too hard.,Negative
423,7,9,5,10,10,7,7,3,"Great course, learned a lot!",Positive
140,7,10,6,8,6,10,9,6,Sometimes explanations are confusing.,Negative
135,8,9,7,3,6,10,2,9,Not very helpful.,Negative
786,5,4,7,5,5,6,7,1,"Great course, learned a lot!",Positive
601,8,9,4,5,4,3,1,10,Assignments are too hard.,Negative
493,9,4,4,9,4,3,6,7,Loved the presentations.,Positive
553,7,2,4,7,3,5,1,3,"Great course, learned a lot!",Positive
27,7,3,5,5,5,1,8,6,"Great course, learned a lot!",Positive
257,8,5,6,4,4,1,5,4,I would recommend this course.,Positive
225,10,4,5,9,3,6,9,4,The teacher explains well.,Positive
788,6,5,6,3,10,4,3,8,I would recommend this course.,Positive
37,8,9,5,3,4,3,5,2,Course structure could be better.,Positive
170,5,10,7,2,8,5,9,5,Best subject ever!,Positive
528,9,2,5,2,6,5,1,6,Best subject ever!,Positive
600,7,8,6,10,6,7,7,6,The teacher explains well.,Positive
655,7,8,5,4,1,6,6,8,Very supportive teacher.,Positive
74,8,8,6,1,2,5,2,6,Very supportive teacher.,Positive
505,9,6,8,5,8,4,7,6,Assignments are too hard.,Negative
377,5,5,7,3,9,6,1,4,The teacher explains well.,Positive
808,8,6,4,5,1,8,8,3,"Great course, learned a lot!",Positive
366,9,9,8,2,1,10,5,2,Very supportive teacher.,Positive
238,8,7,5,10,10,9,7,10,Sometimes explanations are confusing.,Negative
255,9,10,7,10,3,2,7,8,Not very helpful.,Negative
123,10,2,4,5,9,8,3,5,"Great course, learned a lot!",Positive
663,6,2,8,2,5,7,5,7,Course structure could be better.,Positive
876,6,7,4,4,9,2,5,9,Sometimes explanations are confusing.,Negative
690,5,10,8,4,2,7,9,6,Sometimes explanations are confusing.,Negative
309,5,8,4,9,2,1,4,5,The teacher explains well.,Positive
693,7,9,8,1,5,10,3,7,Assignments are too hard.,Negative
226,7,6,8,8,8,5,8,8,Course structure could be better.,Positive
951,10,10,7,10,5,9,7,1,Very supportive teacher.,Positive
260,9,3,7,4,7,2,8,3,The teacher explains well.,Positive
243,9,8,8,8,4,10,8,9,Very supportive teacher.,Positive
222,5,4,4,2,7,9,5,3,The teacher explains well.,Positive
314,5,10,6,8,6,6,10,4,The teacher explains well.,Positive
229,7,6,8,2,2,10,8,8,The teacher explains well.,Positive
85,5,6,8,9,3,4,4,4,Assignments are too hard.,Negative
76,8,9,8,6,3,10,7,2,The teacher explains well.,Positive
887,6,9,5,8,9,7,6,2,Loved the presentations.,Positive
582,8,4,7,8,1,5,9,3,Not very helpful.,Negative
674,8,5,6,8,7,10,2,7,Very supportive teacher.,Positive
986,7,2,6,2,4,7,10,7,"Great course, learned a lot!",Positive
511,8,4,4,5,2,10,10,6,I would recommend this course.,Positive
879,6,10,5,10,9,5,5,4,Course structure could be better.,Positive
401,8,10,7,2,8,10,8,9,Best subject ever!,Positive
514,6,6,7,10,7,7,6,3,Assignments are too hard.,Negative
750,10,3,8,1,5,1,3,5,"Great course, learned a lot!",Positive
156,7,4,7,9,10,8,5,8,Sometimes explanations are confusing.,Negative
775,5,6,7,2,5,4,1,4,Loved the presentations.,Positive
329,9,8,8,5,3,3,10,8,Best subject ever!,Positive
467,8,10,5,7,7,1,3,6,I would recommend this course.,Positive
178,7,7,4,7,1,2,1,2,"Great course, learned a lot!",Positive
549,5,3,7,6,8,8,5,5,Best subject ever!,Positive
453,8,4,4,4,2,8,1,4,"Great course, learned a lot!",Positive
307,6,9,5,1,6,5,3,5,Loved the presentations.,Positive
472,6,8,7,7,9,9,2,3,I would recommend this course.,Positive
392,7,7,4,9,7,10,8,4,Sometimes explanations are confusing.,Negative
65,6,4,4,6,3,10,8,3,The teacher explains well.,Positive
575,9,4,7,7,1,1,5,1,Very supportive teacher.,Positive
855,8,3,6,4,1,1,9,7,Sometimes explanations are confusing.,Negative
791,5,9,4,4,1,4,10,9,The teacher explains well.,Positive
391,5,3,7,6,7,6,9,4,Assignments are too hard.,Negative
973,6,3,4,6,4,6,6,9,Not very helpful.,Negative
828,8,3,5,2,9,5,6,3,Course structure could be better.,Positive
247,6,9,6,5,2,2,3,7,Course structure could be better.,Positive
412,9,2,5,8,7,2,10,4,Very supportive teacher.,Positive
67,7,9,4,3,9,1,1,2,I would recommend this course.,Positive
289,5,2,5,8,9,2,7,2,Loved the presentations.,Positive
399,10,6,4,8,6,5,10,4,I would recommend this course.,Positive
138,8,5,8,8,10,4,2,6,Loved the presentations.,Positive
537,10,6,4,9,9,5,7,5,I would recommend this course.,Positive
265,5,9,7,6,5,6,5,3,Not very helpful.,Negative
724,5,2,6,1,7,3,3,1,Assignments are too hard.,Negative
653,5,6,5,6,6,3,9,2,Assignments are too hard.,Negative
318,6,8,5,10,6,7,10,8,The teacher explains well.,Positive
232,6,8,5,5,1,1,7,8,Best subject ever!,Positive
21,9,7,5,3,6,6,1,6,Assignments are too hard.,Negative
998,9,7,5,1,2,2,1,10,Assignments are too hard.,Negative
694,9,8,8,10,7,7,7,2,Sometimes explanations are confusing.,Negative
927,6,2,6,2,10,3,6,4,Sometimes explanations are confusing.,Negative
348,7,9,5,6,5,5,8,6,The teacher explains well.,Positive
968,6,7,6,3,8,1,9,3,Best subject ever!,Positive
992,10,6,4,3,8,6,10,3,Very supportive teacher.,Positive
764,9,3,7,6,3,8,10,2,Sometimes explanations are confusing.,Negative
587,5,4,8,2,2,2,4,10,Very supportive teacher.,Positive
944,10,8,6,8,8,7,9,6,"Great course, learned a lot!",Positive
239,5,10,4,3,2,7,4,4,Sometimes explanations are confusing.,Negative
886,7,7,5,5,10,1,9,9,Not very helpful.,Negative
23,9,7,4,2,1,2,9,3,Best subject ever!,Positive
458,6,2,4,6,6,10,4,1,The teacher explains well.,Positive
822,6,2,7,1,5,4,1,10,"Great course, learned a lot!",Positive
413,7,10,4,2,3,1,10,1,Best subject ever!,Positive
563,7,4,8,8,7,3,3,10,Not very helpful.,Negative
331,8,8,7,5,10,4,7,5,Best subject ever!,Positive
434,7,7,7,6,1,8,9,6,Not very helpful.,Negative
456,10,4,8,6,5,1,10,1,Not very helpful.,Negative
430,9,6,4,9,8,6,4,3,Very supportive teacher.,Positive
896,6,8,7,5,4,4,5,5,I would recommend this course.,Positive
451,9,3,6,10,7,8,9,10,"Great course, learned a lot!",Positive
477,5,2,5,6,10,6,10,8,Best subject ever!,Positive
9,7,5,4,5,1,3,5,6,Loved the presentations.,Positive
325,7,5,7,6,1,5,8,6,"Great course, learned a lot!",Positive
812,9,5,4,4,2,4,2,6,I would recommend this course.,Positive
727,7,2,6,4,2,10,9,5,"Great course, learned a lot!",Positive
928,6,7,6,9,4,8,5,8,Assignments are too hard.,Negative
134,9,9,7,4,7,10,8,3,Loved the presentations.,Positive
819,6,7,8,8,9,10,2,2,I would recommend this course.,Positive
230,7,2,8,2,6,1,9,2,Very supportive teacher.,Positive
520,9,3,5,6,7,10,10,3,Best subject ever!,Positive
326,7,10,8,8,6,4,9,7,Course structure could be better.,Positive
142,6,8,4,10,8,5,8,6,I would recommend this course.,Positive
491,5,4,8,6,1,3,4,4,The teacher explains well.,Positive
379,7,5,6,2,9,7,3,10,Best subject ever!,Positive
465,5,2,8,8,6,8,2,4,I would recommend this course.,Positive
756,6,7,7,3,2,6,9,7,Assignments are too hard.,Negative
347,6,8,7,3,5,1,2,8,Course structure could be better.,Positive
237,10,4,5,8,7,8,2,8,Assignments are too hard.,Negative
642,5,7,6,8,9,6,6,7,Course structure could be better.,Positive
506,9,7,4,1,5,7,5,1,The teacher explains well.,Positive
646,7,8,5,4,7,8,8,8,Best subject ever!,Positive
382,10,10,7,5,2,3,6,3,Very supportive teacher.,Positive
256,6,7,4,5,9,8,6,5,Assignments are too hard.,Negative
327,8,8,5,10,2,1,10,5,Assignments are too hard.,Negative
624,7,3,7,10,2,1,8,8,Not very helpful.,Negative
155,8,8,8,10,3,9,7,3,Course structure could be better.,Positive
578,8,10,7,4,5,8,7,6,Sometimes explanations are confusing.,Negative
640,10,9,4,10,2,4,3,1,Best subject ever!,Positive
997,9,8,8,6,8,3,3,10,Course structure could be better.,Positive
242,7,9,5,4,5,9,1,4,Not very helpful.,Negative
344,7,6,8,9,8,3,8,5,"Great course, learned a lot!",Positive
699,9,5,4,8,4,2,2,8,Course structure could be better.,Positive
77,9,4,5,9,2,1,5,10,Very supportive teacher.,Positive
821,8,9,5,5,8,9,4,9,Best subject ever!,Positive
903,9,8,8,8,4,8,4,1,Not very helpful.,Negative
540,9,10,7,3,2,4,4,5,"Great course, learned a lot!",Positive
596,5,8,7,7,1,2,10,3,Loved the presentations.,Positive
169,8,2,6,3,3,6,9,3,Not very helpful.,Negative
526,9,5,5,5,2,6,4,9,Loved the presentations.,Positive
361,7,2,6,4,5,7,8,3,Best subject ever!,Positive
917,8,6,5,3,7,5,4,8,Assignments are too hard.,Negative
342,5,9,8,1,9,8,7,10,Not very helpful.,Negative
599,5,2,4,8,4,8,9,5,The teacher explains well.,Positive
875,5,4,7,3,5,6,4,5,Loved the presentations.,Positive
745,5,9,5,10,8,2,9,1,Very supportive teacher.,Positive
131,9,4,8,2,7,5,2,10,The teacher explains well.,Positive
143,6,6,7,8,10,3,3,9,I would recommend this course.,Positive
666,10,5,6,8,1,2,7,7,I would recommend this course.,Positive
104,8,5,4,2,7,9,4,4,"Great course, learned a lot!",Positive
964,8,5,5,3,10,5,5,3,Assignments are too hard.,Negative
208,8,7,5,7,2,3,2,8,Best subject ever!,Positive
774,7,10,5,4,6,10,9,6,Not very helpful.,Negative
346,10,7,4,9,3,2,10,8,Sometimes explanations are confusing.,Negative
97,7,8,7,9,6,3,10,7,Very supportive teacher.,Positive
306,9,10,4,1,3,3,2,5,Loved the presentations.,Positive
18,9,6,6,1,5,8,4,10,Best subject ever!,Positive
284,5,7,6,3,10,3,8,6,The teacher explains well.,Positive
173,5,7,5,10,10,10,3,10,I would recommend this course.,Positive
558,7,9,5,5,9,7,3,5,Very supportive teacher.,Positive
51,7,2,6,2,8,2,10,2,Sometimes explanations are confusing.,Negative
357,5,8,7,5,4,1,8,8,Not very helpful.,Negative
692,8,8,6,9,5,8,7,10,"Great course, learned a lot!",Positive
26,8,2,6,10,9,9,4,5,Sometimes explanations are confusing.,Negative
386,9,5,5,4,6,5,7,7,Very supportive teacher.,Positive
287,5,9,5,5,10,8,4,10,Sometimes explanations are confusing.,Negative
974,8,10,4,2,4,9,8,7,Very supportive teacher.,Positive
683,6,9,4,8,5,5,1,10,Very supportive teacher.,Positive
374,6,9,4,6,2,6,7,8,Course structure could be better.,Positive
278,10,8,7,8,6,7,8,1,Loved the presentations.,Positive
367,10,4,8,3,3,9,5,7,I would recommend this course.,Positive
800,7,4,5,2,1,6,3,9,Course structure could be better.,Positive
11,9,5,6,8,5,6,7,7,Not very helpful.,Negative
310,5,8,5,9,4,4,9,10,Course structure could be better.,Positive
910,5,8,7,10,8,2,4,8,Assignments are too hard.,Negative
440,5,7,8,9,7,1,8,10,Assignments are too hard.,Negative
441,7,8,5,3,1,8,6,8,I would recommend this course.,Positive
146,8,7,5,6,9,2,9,10,Sometimes explanations are confusing.,Negative
614,8,2,6,7,8,6,6,5,Loved the presentations.,Positive
262,10,5,4,9,6,9,9,3,I would recommend this course.,Positive
34,9,7,8,9,8,2,8,9,Very supportive teacher.,Positive
407,9,8,8,6,2,9,6,4,The teacher explains well.,Positive
564,5,10,5,6,8,5,3,1,Loved the presentations.,Positive
538,8,7,4,6,10,5,2,9,Loved the presentations.,Positive
748,5,8,6,1,10,2,4,9,Very supportive teacher.,Positive
675,8,7,8,9,8,6,2,8,Very supportive teacher.,Positive
224,10,7,7,6,2,1,7,9,"Great course, learned a lot!",Positive
10,8,3,7,4,3,6,4,1,I would recommend this course.,Positive
708,5,3,5,4,5,9,6,4,Very supportive teacher.,Positive
636,7,3,6,9,5,4,6,3,Assignments are too hard.,Negative
218,7,8,4,4,1,4,6,4,Not very helpful.,Negative
193,5,9,4,6,5,7,1,9,The teacher explains well.,Positive
106,6,6,5,8,3,1,9,7,I would recommend this course.,Positive
834,8,2,7,4,1,8,9,2,Best subject ever!,Positive
597,5,4,8,4,8,7,3,4,Assignments are too hard.,Negative
45,8,5,6,1,5,9,2,9,Sometimes explanations are confusing.,Negative
264,5,2,4,4,7,6,4,1,Very supportive teacher.,Positive
219,10,4,5,7,9,10,8,3,Best subject ever!,Positive
249,10,2,5,6,8,1,8,9,Very supportive teacher.,Positive
507,9,2,6,2,7,9,7,9,Loved the presentations.,Positive
383,10,10,8,10,4,9,3,10,Assignments are too hard.,Negative
631,10,8,5,3,9,9,8,3,Loved the presentations.,Positive
502,6,3,5,1,8,4,7,8,"Great course, learned a lot!",Positive
792,10,2,6,7,7,5,6,9,Loved the presentations.,Positive
271,8,10,6,5,7,10,10,2,"Great course, learned a lot!",Positive
194,6,3,5,4,1,10,8,3,"Great course, learned a lot!",Positive
937,8,8,4,10,1,5,9,3,Best subject ever!,Positive
726,6,4,4,7,7,3,6,4,Very supportive teacher.,Positive
339,6,10,5,9,4,3,6,5,Sometimes explanations are confusing.,Negative
841,8,9,8,3,4,4,7,1,Loved the presentations.,Positive
874,9,7,6,9,6,1,6,3,Assignments are too hard.,Negative
214,6,6,4,3,1,3,4,6,"Great course, learned a lot!",Positive
924,9,10,5,5,6,4,1,8,Very supportive teacher.,Positive
203,8,7,8,9,4,10,8,10,The teacher explains well.,Positive
629,8,3,7,4,4,8,1,10,I would recommend this course.,Positive
354,6,3,7,10,1,1,10,6,Best subject ever!,Positive
857,9,8,6,5,7,8,1,9,Sometimes explanations are confusing.,Negative
424,5,3,7,3,8,6,5,7,Course structure could be better.,Positive
872,6,10,8,8,2,2,1,4,Best subject ever!,Positive
116,8,5,6,3,5,3,1,9,The teacher explains well.,Positive
308,9,10,7,10,3,2,10,9,I would recommend this course.,Positive
698,5,9,6,3,6,9,9,9,The teacher explains well.,Positive
622,9,10,7,7,6,2,8,4,Loved the presentations.,Positive
103,9,6,4,6,1,3,10,6,"Great course, learned a lot!",Positive
464,5,4,8,6,4,10,1,6,Sometimes explanations are confusing.,Negative
870,10,4,6,3,8,2,3,7,Not very helpful.,Negative
351,8,5,8,10,1,9,7,7,"Great course, learned a lot!",Positive
628,10,10,4,7,1,7,3,9,Not very helpful.,Negative
33,8,5,6,1,8,7,7,2,I would recommend this course.,Positive
972,7,9,4,1,1,2,1,10,Very supportive teacher.,Positive
535,5,10,5,9,9,8,1,9,Course structure could be better.,Positive
959,8,4,5,5,10,7,3,2,Assignments are too hard.,Negative
794,10,4,4,8,6,8,6,9,"Great course, learned a lot!",Positive
313,5,7,7,3,7,10,1,1,Sometimes explanations are confusing.,Negative
127,5,8,4,9,7,7,7,6,The teacher explains well.,Positive
245,10,6,4,9,9,2,7,7,Sometimes explanations are confusing.,Negative
773,9,5,8,9,1,10,4,8,I would recommend this course.,Positive
69,8,6,6,1,9,1,9,7,Not very helpful.,Negative
141,8,6,6,5,4,9,5,2,The teacher explains well.,Positive
139,8,3,4,10,6,1,1,5,Assignments are too hard.,Negative
398,6,9,6,10,7,4,5,9,Assignments are too hard.,Negative
889,7,6,8,6,6,6,7,10,"Great course, learned a lot!",Positive
995,6,7,8,3,7,7,8,7,I would recommend this course.,Positive
757,9,5,7,9,7,8,9,1,Very supportive teacher.,Positive
783,5,2,8,2,8,5,7,3,I would recommend this course.,Positive
420,5,8,8,6,2,4,10,3,Not very helpful.,Negative
790,7,5,6,2,3,1,6,6,Sometimes explanations are confusing.,Negative
592,7,2,7,10,8,9,5,1,Assignments are too hard.,Negative
978,6,5,8,9,6,6,2,9,Sometimes explanations are confusing.,Negative
735,6,4,6,1,7,6,1,5,Sometimes explanations are confusing.,Negative
731,5,10,6,9,5,10,5,2,Sometimes explanations are confusing.,Negative
932,6,6,4,5,5,3,6,1,Assignments are too hard.,Negative
497,6,4,8,4,6,10,1,6,Best subject ever!,Positive
813,8,10,5,8,4,7,5,2,Loved the presentations.,Positive
2,10,2,7,3,10,4,4,7,Not very helpful.,Negative
649,9,2,6,10,4,9,4,2,Best subject ever!,Positive
455,8,5,4,2,7,4,1,2,Not very helpful.,Negative
593,5,3,5,3,9,10,9,9,The teacher explains well.,Positive
206,10,8,5,4,8,9,10,6,I would recommend this course.,Positive
847,7,10,5,7,1,9,10,4,I would recommend this course.,Positive
233,8,7,7,7,9,2,8,2,Course structure could be better.,Positive
87,5,10,8,4,8,10,1,9,I would recommend this course.,Positive
333,6,3,7,6,9,9,9,1,Assignments are too hard.,Negative
738,8,2,5,7,2,7,6,5,Very supportive teacher.,Positive
350,5,6,6,1,8,7,10,10,"Great course, learned a lot!",Positive
805,8,8,7,10,6,2,2,6,Course structure could be better.,Positive
700,9,8,6,1,9,6,9,1,"Great course, learned a lot!",Positive
92,7,6,7,3,2,1,7,6,Not very helpful.,Negative
68,5,5,8,8,7,6,10,4,"Great course, learned a lot!",Positive
746,10,5,6,7,1,1,6,1,"Great course, learned a lot!",Positive
741,7,9,7,3,10,8,10,5,Course structure could be better.,Positive
581,9,10,8,2,5,6,7,10,The teacher explains well.,Positive
677,9,6,6,9,1,10,7,1,Sometimes explanations are confusing.,Negative
442,7,8,5,10,8,3,6,4,I would recommend this course.,Positive
749,9,9,5,2,9,1,10,1,I would recommend this course.,Positive
25,5,6,4,10,4,1,8,3,Assignments are too hard.,Negative
936,6,7,6,4,1,8,4,10,Course structure could be better.,Positive
90,9,10,6,7,8,1,2,7,Assignments are too hard.,Negative
715,6,9,6,5,9,1,6,6,Very supportive teacher.,Positive
240,9,9,7,10,5,7,1,6,Very supportive teacher.,Positive
13,6,6,6,3,10,7,2,1,Assignments are too hard.,Negative
126,7,4,6,4,1,5,2,1,Course structure could be better.,Positive
761,5,9,6,10,10,1,10,6,Assignments are too hard.,Negative
302,8,4,6,7,1,4,1,8,I would recommend this course.,Positive
650,8,4,7,9,10,2,8,3,Best subject ever!,Positive
365,10,5,5,3,5,2,3,5,Loved the presentations.,Positive
905,5,9,6,8,10,2,1,1,"Great course, learned a lot!",Positive
415,9,3,5,1,8,9,9,2,Loved the presentations.,Positive
397,10,7,8,6,6,6,2,6,Course structure could be better.,Positive
435,9,9,7,4,1,1,7,5,Loved the presentations.,Positive
945,9,3,8,2,4,9,1,1,Very supportive teacher.,Positive
930,8,7,5,1,3,7,2,1,Not very helpful.,Negative
687,5,9,7,9,3,1,9,5,"Great course, learned a lot!",Positive
852,5,10,5,4,3,10,8,6,Sometimes explanations are confusing.,Negative
712,6,5,5,7,8,2,9,7,Course structure could be better.,Positive
470,6,10,6,6,7,1,1,2,"Great course, learned a lot!",Positive
43,6,5,4,1,10,7,4,1,Loved the presentations.,Positive
550,5,3,7,8,2,7,7,8,Very supportive teacher.,Positive
844,8,6,4,1,1,8,10,9,The teacher explains well.,Positive
150,6,5,8,5,2,10,1,6,Best subject ever!,Positive
168,6,3,8,2,8,10,7,3,Sometimes explanations are confusing.,Negative
519,8,7,7,6,10,10,4,3,Best subject ever!,Positive
531,9,8,7,6,3,8,3,7,"Great course, learned a lot!",Positive
643,9,7,7,7,2,4,3,7,Very supportive teacher.,Positive
428,6,9,4,4,8,6,2,5,Very supportive teacher.,Positive
659,9,4,8,10,6,6,3,8,Loved the presentations.,Positive
766,10,2,4,3,4,6,9,4,I would recommend this course.,Positive
732,9,2,6,9,4,2,10,10,Loved the presentations.,Positive
916,10,4,7,3,10,10,7,8,I would recommend this course.,Positive
979,9,4,7,10,5,2,4,2,I would recommend this course.,Positive
372,5,7,7,9,3,5,10,4,Sometimes explanations are confusing.,Negative
778,9,4,8,9,8,5,7,4,Loved the presentations.,Positive
579,10,3,7,8,9,1,8,8,The teacher explains well.,Positive
320,9,6,7,4,3,9,10,2,Assignments are too hard.,Negative
645,5,9,6,6,8,5,10,8,Assignments are too hard.,Negative
5,6,7,4,2,3,8,10,7,Loved the presentations.,Positive
294,7,5,4,1,6,2,9,6,Loved the presentations.,Positive
117,8,2,5,10,5,4,3,2,Best subject ever!,Positive
555,9,2,8,7,2,1,3,10,Sometimes explanations are confusing.,Negative
29,6,9,5,1,6,10,4,5,Loved the presentations.,Positive
259,8,3,8,9,7,4,10,7,Best subject ever!,Positive
47,8,4,4,9,10,10,2,6,I would recommend this course.,Positive
678,8,10,5,2,7,4,1,7,Very supportive teacher.,Positive
543,8,2,4,9,3,3,3,4,Very supportive teacher.,Positive
908,5,2,5,3,2,10,4,8,I would recommend this course.,Positive
586,8,2,4,9,8,8,7,7,Course structure could be better.,Positive
98,9,9,7,2,3,3,8,4,Best subject ever!,Positive
55,8,7,6,2,5,7,7,9,Best subject ever!,Positive
913,5,5,6,5,6,7,6,1,I would recommend this course.,Positive
199,9,5,8,3,8,1,1,2,The teacher explains well.,Positive
539,10,2,7,4,3,4,10,1,Not very helpful.,Negative
759,7,2,4,2,1,5,9,9,"Great course, learned a lot!",Positive
